primary_type,community_area,count
ARSON,,1317
ASSAULT,,39821
BATTERY,,118422
BURGLARY,,32560
CRIM SEXUAL ASSAULT,,2066
CRIMINAL DAMAGE,,71520
CRIMINAL SEXUAL ASSAULT,,13
CRIMINAL TRESPASS,,17235
DECEPTIVE PRACTICE,,17612
DOMESTIC VIOLENCE,,1
GAMBLING,,1124
HOMICIDE,,367
INTERFERENCE WITH PUBLIC OFFICER,,506
INTIMIDATION,,366
KIDNAPPING,,1177
LIQUOR LAW VIOLATION,,2018
MOTOR VEHICLE THEFT,,32743
NARCOTICS,,67321
OBSCENITY,,26
OFFENSE INVOLVING CHILDREN,,2573
OTHER NARCOTIC VIOLATION,,9
OTHER OFFENSE,,39583
PROSTITUTION,,8016
PUBLIC INDECENCY,,12
PUBLIC PEACE VIOLATION,,3406
RITUALISM,,8
ROBBERY,,23270
SEX OFFENSE,,2558
STALKING,,262
THEFT,,122051
WEAPONS VIOLATION,,5503
ASSAULT,0,3
BATTERY,0,13
CRIM SEXUAL ASSAULT,0,1
CRIMINAL DAMAGE,0,12
CRIMINAL TRESPASS,0,3
DECEPTIVE PRACTICE,0,9
MOTOR VEHICLE THEFT,0,3
NARCOTICS,0,2
OTHER OFFENSE,0,11
ROBBERY,0,1
THEFT,0,18
ARSON,1,98
ASSAULT,1,6394
BATTERY,1,19540
BURGLARY,1,5389
CRIM SEXUAL ASSAULT,1,448
CRIMINAL DAMAGE,1,12611
CRIMINAL SEXUAL ASSAULT,1,106
CRIMINAL TRESPASS,1,4013
DECEPTIVE PRACTICE,1,4787
GAMBLING,1,169
HOMICIDE,1,103
HUMAN TRAFFICKING,1,1
INTERFERENCE WITH PUBLIC OFFICER,1,296
INTIMIDATION,1,52
KIDNAPPING,1,73
LIQUOR LAW VIOLATION,1,286
MOTOR VEHICLE THEFT,1,3080
NARCOTICS,1,9619
NON-CRIMINAL,1,2
OBSCENITY,1,15
OFFENSE INVOLVING CHILDREN,1,719
OTHER NARCOTIC VIOLATION,1,4
OTHER OFFENSE,1,7125
PROSTITUTION,1,931
PUBLIC INDECENCY,1,3
PUBLIC PEACE VIOLATION,1,625
ROBBERY,1,4428
SEX OFFENSE,1,550
STALKING,1,67
THEFT,1,23103
WEAPONS VIOLATION,1,912
ARSON,10,51
ASSAULT,10,1711
BATTERY,10,4244
BURGLARY,10,1819
CRIM SEXUAL ASSAULT,10,98
CRIMINAL DAMAGE,10,5102
CRIMINAL SEXUAL ASSAULT,10,12
CRIMINAL TRESPASS,10,767
DECEPTIVE PRACTICE,10,2505
GAMBLING,10,14
HOMICIDE,10,9
HUMAN TRAFFICKING,10,1
INTERFERENCE WITH PUBLIC OFFICER,10,25
INTIMIDATION,10,25
KIDNAPPING,10,62
LIQUOR LAW VIOLATION,10,52
MOTOR VEHICLE THEFT,10,926
NARCOTICS,10,748
NON-CRIMINAL,10,4
OBSCENITY,10,6
OFFENSE INVOLVING CHILDREN,10,259
OTHER OFFENSE,10,2800
PROSTITUTION,10,35
PUBLIC INDECENCY,10,1
PUBLIC PEACE VIOLATION,10,147
ROBBERY,10,265
SEX OFFENSE,10,166
STALKING,10,26
THEFT,10,7718
WEAPONS VIOLATION,10,83
ARSON,11,44
ASSAULT,11,1631
BATTERY,11,4003
BURGLARY,11,1759
CONCEALED CARRY LICENSE VIOLATION,11,1
CRIM SEXUAL ASSAULT,11,60
CRIMINAL DAMAGE,11,4322
CRIMINAL SEXUAL ASSAULT,11,18
CRIMINAL TRESPASS,11,733
DECEPTIVE PRACTICE,11,2023
GAMBLING,11,17
HOMICIDE,11,14
HUMAN TRAFFICKING,11,1
INTERFERENCE WITH PUBLIC OFFICER,11,47
INTIMIDATION,11,21
KIDNAPPING,11,43
LIQUOR LAW VIOLATION,11,76
MOTOR VEHICLE THEFT,11,1286
NARCOTICS,11,927
NON - CRIMINAL,11,3
NON-CRIMINAL,11,2
OBSCENITY,11,10
OFFENSE INVOLVING CHILDREN,11,264
OTHER NARCOTIC VIOLATION,11,2
OTHER OFFENSE,11,2572
PROSTITUTION,11,10
PUBLIC INDECENCY,11,1
PUBLIC PEACE VIOLATION,11,159
ROBBERY,11,450
SEX OFFENSE,11,135
STALKING,11,32
THEFT,11,6536
WEAPONS VIOLATION,11,92
ARSON,12,9
ASSAULT,12,610
BATTERY,12,1283
BURGLARY,12,1380
CRIM SEXUAL ASSAULT,12,24
CRIMINAL DAMAGE,12,2349
CRIMINAL SEXUAL ASSAULT,12,9
CRIMINAL TRESPASS,12,290
DECEPTIVE PRACTICE,12,1115
GAMBLING,12,13
HOMICIDE,12,4
INTERFERENCE WITH PUBLIC OFFICER,12,12
INTIMIDATION,12,4
KIDNAPPING,12,30
LIQUOR LAW VIOLATION,12,18
MOTOR VEHICLE THEFT,12,490
NARCOTICS,12,326
NON-CRIMINAL,12,2
OBSCENITY,12,1
OFFENSE INVOLVING CHILDREN,12,80
OTHER OFFENSE,12,1033
PROSTITUTION,12,8
PUBLIC PEACE VIOLATION,12,48
ROBBERY,12,124
SEX OFFENSE,12,47
STALKING,12,15
THEFT,12,3228
WEAPONS VIOLATION,12,33
ARSON,13,39
ASSAULT,13,1107
BATTERY,13,2877
BURGLARY,13,2039
CRIM SEXUAL ASSAULT,13,82
CRIMINAL DAMAGE,13,3228
CRIMINAL SEXUAL ASSAULT,13,13
CRIMINAL TRESPASS,13,518
DECEPTIVE PRACTICE,13,1312
GAMBLING,13,28
HOMICIDE,13,13
HUMAN TRAFFICKING,13,1
INTERFERENCE WITH PUBLIC OFFICER,13,21
INTIMIDATION,13,18
KIDNAPPING,13,21
LIQUOR LAW VIOLATION,13,60
MOTOR VEHICLE THEFT,13,1255
NARCOTICS,13,996
NON-CRIMINAL,13,2
OBSCENITY,13,4
OFFENSE INVOLVING CHILDREN,13,170
OTHER NARCOTIC VIOLATION,13,7
OTHER OFFENSE,13,1506
PROSTITUTION,13,48
PUBLIC PEACE VIOLATION,13,137
ROBBERY,13,502
SEX OFFENSE,13,154
STALKING,13,17
THEFT,13,6628
WEAPONS VIOLATION,13,148
ARSON,14,107
ASSAULT,14,3471
BATTERY,14,11169
BURGLARY,14,3897
CONCEALED CARRY LICENSE VIOLATION,14,3
CRIM SEXUAL ASSAULT,14,243
CRIMINAL DAMAGE,14,8760
CRIMINAL SEXUAL ASSAULT,14,66
CRIMINAL TRESPASS,14,1492
DECEPTIVE PRACTICE,14,2472
GAMBLING,14,63
HOMICIDE,14,70
HUMAN TRAFFICKING,14,1
INTERFERENCE WITH PUBLIC OFFICER,14,118
INTIMIDATION,14,51
KIDNAPPING,14,53
LIQUOR LAW VIOLATION,14,279
MOTOR VEHICLE THEFT,14,3579
NARCOTICS,14,3299
NON-CRIMINAL,14,2
OBSCENITY,14,4
OFFENSE INVOLVING CHILDREN,14,527
OTHER NARCOTIC VIOLATION,14,6
OTHER OFFENSE,14,4246
PROSTITUTION,14,577
PUBLIC INDECENCY,14,1
PUBLIC PEACE VIOLATION,14,588
ROBBERY,14,2363
SEX OFFENSE,14,415
STALKING,14,36
THEFT,14,12840
WEAPONS VIOLATION,14,575
ARSON,15,174
ASSAULT,15,4897
BATTERY,15,13617
BURGLARY,15,5692
CONCEALED CARRY LICENSE VIOLATION,15,5
CRIM SEXUAL ASSAULT,15,261
CRIMINAL DAMAGE,15,12846
CRIMINAL SEXUAL ASSAULT,15,46
CRIMINAL TRESPASS,15,1867
DECEPTIVE PRACTICE,15,4562
GAMBLING,15,31
HOMICIDE,15,43
HUMAN TRAFFICKING,15,2
INTERFERENCE WITH PUBLIC OFFICER,15,137
INTIMIDATION,15,64
KIDNAPPING,15,93
LIQUOR LAW VIOLATION,15,316
MOTOR VEHICLE THEFT,15,4974
NARCOTICS,15,5328
NON - CRIMINAL,15,1
NON-CRIMINAL,15,1
OBSCENITY,15,18
OFFENSE INVOLVING CHILDREN,15,707
OTHER NARCOTIC VIOLATION,15,5
OTHER OFFENSE,15,7320
PROSTITUTION,15,365
PUBLIC INDECENCY,15,1
PUBLIC PEACE VIOLATION,15,509
ROBBERY,15,2057
SEX OFFENSE,15,407
STALKING,15,44
THEFT,15,19972
WEAPONS VIOLATION,15,540
ARSON,16,167
ASSAULT,16,4214
BATTERY,16,12989
BURGLARY,16,5956
CONCEALED CARRY LICENSE VIOLATION,16,2
CRIM SEXUAL ASSAULT,16,299
CRIMINAL DAMAGE,16,11777
CRIMINAL SEXUAL ASSAULT,16,51
CRIMINAL TRESPASS,16,1541
DECEPTIVE PRACTICE,16,3344
GAMBLING,16,45
HOMICIDE,16,53
INTERFERENCE WITH PUBLIC OFFICER,16,96
INTIMIDATION,16,48
KIDNAPPING,16,77
LIQUOR LAW VIOLATION,16,225
MOTOR VEHICLE THEFT,16,5707
NARCOTICS,16,3574
NON-CRIMINAL,16,1
OBSCENITY,16,13
OFFENSE INVOLVING CHILDREN,16,576
OTHER NARCOTIC VIOLATION,16,2
OTHER OFFENSE,16,5225
PROSTITUTION,16,88
PUBLIC INDECENCY,16,1
PUBLIC PEACE VIOLATION,16,613
ROBBERY,16,2252
SEX OFFENSE,16,439
STALKING,16,58
THEFT,16,17614
WEAPONS VIOLATION,16,482
ARSON,17,86
ASSAULT,17,2478
BATTERY,17,6448
BURGLARY,17,3462
CRIM SEXUAL ASSAULT,17,96
CRIMINAL DAMAGE,17,7352
CRIMINAL SEXUAL ASSAULT,17,18
CRIMINAL TRESPASS,17,864
DECEPTIVE PRACTICE,17,2526
GAMBLING,17,39
HOMICIDE,17,21
INTERFERENCE WITH PUBLIC OFFICER,17,51
INTIMIDATION,17,30
KIDNAPPING,17,67
LIQUOR LAW VIOLATION,17,114
MOTOR VEHICLE THEFT,17,2165
NARCOTICS,17,1454
NON-CRIMINAL,17,1
OBSCENITY,17,8
OFFENSE INVOLVING CHILDREN,17,318
OTHER NARCOTIC VIOLATION,17,2
OTHER OFFENSE,17,4074
PROSTITUTION,17,12
PUBLIC INDECENCY,17,1
PUBLIC PEACE VIOLATION,17,194
ROBBERY,17,725
SEX OFFENSE,17,219
STALKING,17,25
THEFT,17,9211
WEAPONS VIOLATION,17,196
ARSON,18,39
ASSAULT,18,944
BATTERY,18,2634
BURGLARY,18,1328
CONCEALED CARRY LICENSE VIOLATION,18,1
CRIM SEXUAL ASSAULT,18,42
CRIMINAL DAMAGE,18,2570
CRIMINAL SEXUAL ASSAULT,18,9
CRIMINAL TRESPASS,18,218
DECEPTIVE PRACTICE,18,801
GAMBLING,18,13
HOMICIDE,18,11
HUMAN TRAFFICKING,18,1
INTERFERENCE WITH PUBLIC OFFICER,18,17
INTIMIDATION,18,10
KIDNAPPING,18,17
LIQUOR LAW VIOLATION,18,20
MOTOR VEHICLE THEFT,18,1209
NARCOTICS,18,449
OBSCENITY,18,3
OFFENSE INVOLVING CHILDREN,18,141
OTHER OFFENSE,18,1413
PROSTITUTION,18,16
PUBLIC PEACE VIOLATION,18,91
ROBBERY,18,351
SEX OFFENSE,18,65
STALKING,18,6
THEFT,18,3767
WEAPONS VIOLATION,18,90
ARSON,19,381
ASSAULT,19,8034
BATTERY,19,22170
BURGLARY,19,8997
CONCEALED CARRY LICENSE VIOLATION,19,18
CRIM SEXUAL ASSAULT,19,490
CRIMINAL DAMAGE,19,16818
CRIMINAL SEXUAL ASSAULT,19,67
CRIMINAL TRESPASS,19,2400
DECEPTIVE PRACTICE,19,5062
GAMBLING,19,61
HOMICIDE,19,136
HUMAN TRAFFICKING,19,1
INTERFERENCE WITH PUBLIC OFFICER,19,373
INTIMIDATION,19,119
KIDNAPPING,19,161
LIQUOR LAW VIOLATION,19,325
MOTOR VEHICLE THEFT,19,8939
NARCOTICS,19,7515
NON-CRIMINAL,19,9
OBSCENITY,19,9
OFFENSE INVOLVING CHILDREN,19,1343
OTHER NARCOTIC VIOLATION,19,2
OTHER OFFENSE,19,9368
PROSTITUTION,19,1338
PUBLIC INDECENCY,19,3
PUBLIC PEACE VIOLATION,19,1039
ROBBERY,19,4284
SEX OFFENSE,19,660
STALKING,19,55
THEFT,19,24358
WEAPONS VIOLATION,19,1567
ARSON,2,117
ASSAULT,2,4841
BATTERY,2,13699
BURGLARY,2,6257
CONCEALED CARRY LICENSE VIOLATION,2,4
CRIM SEXUAL ASSAULT,2,287
CRIMINAL DAMAGE,2,13083
CRIMINAL SEXUAL ASSAULT,2,53
CRIMINAL TRESPASS,2,1821
DECEPTIVE PRACTICE,2,4738
GAMBLING,2,73
HOMICIDE,2,55
INTERFERENCE WITH PUBLIC OFFICER,2,142
INTIMIDATION,2,46
KIDNAPPING,2,93
LIQUOR LAW VIOLATION,2,220
MOTOR VEHICLE THEFT,2,4214
NARCOTICS,2,4058
NON-CRIMINAL,2,1
NON-CRIMINAL (SUBJECT SPECIFIED),2,1
OBSCENITY,2,21
OFFENSE INVOLVING CHILDREN,2,685
OTHER NARCOTIC VIOLATION,2,1
OTHER OFFENSE,2,6463
PROSTITUTION,2,140
PUBLIC INDECENCY,2,2
PUBLIC PEACE VIOLATION,2,461
ROBBERY,2,2826
SEX OFFENSE,2,416
STALKING,2,59
THEFT,2,21455
WEAPONS VIOLATION,2,529
ARSON,20,168
ASSAULT,20,2644
BATTERY,20,8025
BURGLARY,20,2856
CONCEALED CARRY LICENSE VIOLATION,20,1
CRIM SEXUAL ASSAULT,20,174
CRIMINAL DAMAGE,20,5178
CRIMINAL SEXUAL ASSAULT,20,27
CRIMINAL TRESPASS,20,651
DECEPTIVE PRACTICE,20,1429
GAMBLING,20,10
HOMICIDE,20,48
INTERFERENCE WITH PUBLIC OFFICER,20,128
INTIMIDATION,20,18
KIDNAPPING,20,57
LIQUOR LAW VIOLATION,20,112
MOTOR VEHICLE THEFT,20,2917
NARCOTICS,20,3073
NON-CRIMINAL,20,2
OBSCENITY,20,6
OFFENSE INVOLVING CHILDREN,20,488
OTHER NARCOTIC VIOLATION,20,1
OTHER OFFENSE,20,3302
PROSTITUTION,20,842
PUBLIC PEACE VIOLATION,20,428
ROBBERY,20,1377
SEX OFFENSE,20,222
STALKING,20,21
THEFT,20,6525
WEAPONS VIOLATION,20,661
ARSON,21,162
ASSAULT,21,3732
BATTERY,21,10142
BURGLARY,21,4908
CONCEALED CARRY LICENSE VIOLATION,21,1
CRIM SEXUAL ASSAULT,21,247
CRIMINAL DAMAGE,21,8460
CRIMINAL SEXUAL ASSAULT,21,33
CRIMINAL TRESPASS,21,1234
DECEPTIVE PRACTICE,21,3001
GAMBLING,21,29
HOMICIDE,21,76
INTERFERENCE WITH PUBLIC OFFICER,21,81
INTIMIDATION,21,28
KIDNAPPING,21,61
LIQUOR LAW VIOLATION,21,184
MOTOR VEHICLE THEFT,21,4768
NARCOTICS,21,2740
OBSCENITY,21,12
OFFENSE INVOLVING CHILDREN,21,481
OTHER OFFENSE,21,4037
PROSTITUTION,21,281
PUBLIC INDECENCY,21,1
PUBLIC PEACE VIOLATION,21,392
ROBBERY,21,2619
SEX OFFENSE,21,323
STALKING,21,32
THEFT,21,15370
WEAPONS VIOLATION,21,467
ARSON,22,303
ASSAULT,22,7691
BATTERY,22,21193
BURGLARY,22,10923
CONCEALED CARRY LICENSE VIOLATION,22,4
CRIM SEXUAL ASSAULT,22,508
CRIMINAL DAMAGE,22,17313
CRIMINAL SEXUAL ASSAULT,22,82
CRIMINAL TRESPASS,22,2698
DECEPTIVE PRACTICE,22,6032
GAMBLING,22,30
HOMICIDE,22,139
HUMAN TRAFFICKING,22,1
INTERFERENCE WITH PUBLIC OFFICER,22,194
INTIMIDATION,22,78
KIDNAPPING,22,131
LIQUOR LAW VIOLATION,22,449
MOTOR VEHICLE THEFT,22,8820
NARCOTICS,22,6768
NON - CRIMINAL,22,1
NON-CRIMINAL,22,3
OBSCENITY,22,15
OFFENSE INVOLVING CHILDREN,22,1023
OTHER NARCOTIC VIOLATION,22,4
OTHER OFFENSE,22,7927
PROSTITUTION,22,1559
PUBLIC INDECENCY,22,4
PUBLIC PEACE VIOLATION,22,851
RITUALISM,22,1
ROBBERY,22,5165
SEX OFFENSE,22,642
STALKING,22,88
THEFT,22,41271
WEAPONS VIOLATION,22,1012
ARSON,23,516
ASSAULT,23,13996
BATTERY,23,42756
BURGLARY,23,8859
CONCEALED CARRY LICENSE VIOLATION,23,10
CRIM SEXUAL ASSAULT,23,753
CRIMINAL DAMAGE,23,20129
CRIMINAL SEXUAL ASSAULT,23,109
CRIMINAL TRESPASS,23,3536
DECEPTIVE PRACTICE,23,4827
GAMBLING,23,928
HOMICIDE,23,503
HUMAN TRAFFICKING,23,3
INTERFERENCE WITH PUBLIC OFFICER,23,851
INTIMIDATION,23,86
KIDNAPPING,23,160
LIQUOR LAW VIOLATION,23,304
MOTOR VEHICLE THEFT,23,9773
NARCOTICS,23,49167
NON - CRIMINAL,23,1
NON-CRIMINAL,23,1
NON-CRIMINAL (SUBJECT SPECIFIED),23,2
OBSCENITY,23,15
OFFENSE INVOLVING CHILDREN,23,1631
OTHER NARCOTIC VIOLATION,23,6
OTHER OFFENSE,23,11550
PROSTITUTION,23,3101
PUBLIC INDECENCY,23,2
PUBLIC PEACE VIOLATION,23,1413
ROBBERY,23,8193
SEX OFFENSE,23,656
STALKING,23,92
THEFT,23,28562
WEAPONS VIOLATION,23,3569
ARSON,24,328
ASSAULT,24,9984
BATTERY,24,26647
BURGLARY,24,14955
CONCEALED CARRY LICENSE VIOLATION,24,6
CRIM SEXUAL ASSAULT,24,582
CRIMINAL DAMAGE,24,25777
CRIMINAL SEXUAL ASSAULT,24,113
CRIMINAL TRESPASS,24,4193
DECEPTIVE PRACTICE,24,8697
GAMBLING,24,98
HOMICIDE,24,177
HUMAN TRAFFICKING,24,1
INTERFERENCE WITH PUBLIC OFFICER,24,240
INTIMIDATION,24,111
KIDNAPPING,24,86
LIQUOR LAW VIOLATION,24,675
MOTOR VEHICLE THEFT,24,10883
NARCOTICS,24,9471
NON - CRIMINAL,24,1
NON-CRIMINAL,24,4
OBSCENITY,24,19
OFFENSE INVOLVING CHILDREN,24,780
OTHER NARCOTIC VIOLATION,24,9
OTHER OFFENSE,24,8526
PROSTITUTION,24,2099
PUBLIC INDECENCY,24,5
PUBLIC PEACE VIOLATION,24,1004
ROBBERY,24,7544
SEX OFFENSE,24,792
STALKING,24,107
THEFT,24,65755
WEAPONS VIOLATION,24,1374
ARSON,25,776
ASSAULT,25,27354
BATTERY,25,87578
BURGLARY,25,16676
CONCEALED CARRY LICENSE VIOLATION,25,24
CRIM SEXUAL ASSAULT,25,1704
CRIMINAL DAMAGE,25,38989
CRIMINAL SEXUAL ASSAULT,25,278
CRIMINAL TRESPASS,25,8003
DECEPTIVE PRACTICE,25,12419
GAMBLING,25,2425
HOMICIDE,25,974
HUMAN TRAFFICKING,25,6
INTERFERENCE WITH PUBLIC OFFICER,25,1673
INTIMIDATION,25,170
KIDNAPPING,25,322
LIQUOR LAW VIOLATION,25,575
MOTOR VEHICLE THEFT,25,16888
NARCOTICS,25,92592
NON - CRIMINAL,25,1
NON-CRIMINAL,25,5
OBSCENITY,25,32
OFFENSE INVOLVING CHILDREN,25,2847
OTHER NARCOTIC VIOLATION,25,3
OTHER OFFENSE,25,26241
PROSTITUTION,25,7894
PUBLIC INDECENCY,25,7
PUBLIC PEACE VIOLATION,25,2682
RITUALISM,25,1
ROBBERY,25,18564
SEX OFFENSE,25,1228
STALKING,25,130
THEFT,25,56715
WEAPONS VIOLATION,25,6972
ARSON,26,221
ASSAULT,26,7374
BATTERY,26,25501
BURGLARY,26,3713
CONCEALED CARRY LICENSE VIOLATION,26,17
CRIM SEXUAL ASSAULT,26,433
CRIMINAL DAMAGE,26,10465
CRIMINAL SEXUAL ASSAULT,26,89
CRIMINAL TRESPASS,26,2049
DECEPTIVE PRACTICE,26,4384
GAMBLING,26,456
HOMICIDE,26,367
HUMAN TRAFFICKING,26,3
INTERFERENCE WITH PUBLIC OFFICER,26,641
INTIMIDATION,26,41
KIDNAPPING,26,83
LIQUOR LAW VIOLATION,26,143
MOTOR VEHICLE THEFT,26,4809
NARCOTICS,26,35821
NON - CRIMINAL,26,1
OBSCENITY,26,5
OFFENSE INVOLVING CHILDREN,26,663
OTHER NARCOTIC VIOLATION,26,1
OTHER OFFENSE,26,5542
PROSTITUTION,26,3689
PUBLIC INDECENCY,26,2
PUBLIC PEACE VIOLATION,26,687
RITUALISM,26,1
ROBBERY,26,6051
SEX OFFENSE,26,276
STALKING,26,39
THEFT,26,14175
WEAPONS VIOLATION,26,2555
ARSON,27,176
ASSAULT,27,8928
BATTERY,27,27268
BURGLARY,27,3980
CONCEALED CARRY LICENSE VIOLATION,27,15
CRIM SEXUAL ASSAULT,27,416
CRIMINAL DAMAGE,27,10920
CRIMINAL SEXUAL ASSAULT,27,80
CRIMINAL TRESPASS,27,2514
DECEPTIVE PRACTICE,27,3342
GAMBLING,27,507
HOMICIDE,27,297
INTERFERENCE WITH PUBLIC OFFICER,27,496
INTIMIDATION,27,77
KIDNAPPING,27,81
LIQUOR LAW VIOLATION,27,144
MOTOR VEHICLE THEFT,27,5344
NARCOTICS,27,29526
NON - CRIMINAL,27,1
NON-CRIMINAL (SUBJECT SPECIFIED),27,1
OBSCENITY,27,12
OFFENSE INVOLVING CHILDREN,27,712
OTHER OFFENSE,27,6407
PROSTITUTION,27,3191
PUBLIC INDECENCY,27,2
PUBLIC PEACE VIOLATION,27,785
RITUALISM,27,1
ROBBERY,27,5414
SEX OFFENSE,27,324
STALKING,27,83
THEFT,27,16101
WEAPONS VIOLATION,27,2192
ARSON,28,123
ASSAULT,28,11716
BATTERY,28,29874
BURGLARY,28,6506
CONCEALED CARRY LICENSE VIOLATION,28,18
CRIM SEXUAL ASSAULT,28,657
CRIMINAL DAMAGE,28,19288
CRIMINAL SEXUAL ASSAULT,28,135
CRIMINAL TRESPASS,28,10068
DECEPTIVE PRACTICE,28,11377
GAMBLING,28,221
HOMICIDE,28,222
HUMAN TRAFFICKING,28,7
INTERFERENCE WITH PUBLIC OFFICER,28,292
INTIMIDATION,28,142
KIDNAPPING,28,69
LIQUOR LAW VIOLATION,28,279
MOTOR VEHICLE THEFT,28,10057
NARCOTICS,28,12817
NON - CRIMINAL,28,1
NON-CRIMINAL,28,8
OBSCENITY,28,24
OFFENSE INVOLVING CHILDREN,28,1011
OTHER NARCOTIC VIOLATION,28,4
OTHER OFFENSE,28,10277
PROSTITUTION,28,1861
PUBLIC INDECENCY,28,5
PUBLIC PEACE VIOLATION,28,1320
ROBBERY,28,7165
SEX OFFENSE,28,697
STALKING,28,125
THEFT,28,67401
WEAPONS VIOLATION,28,1250
ARSON,29,376
ASSAULT,29,13159
BATTERY,29,44081
BURGLARY,29,7553
CONCEALED CARRY LICENSE VIOLATION,29,45
CRIM SEXUAL ASSAULT,29,753
CRIMINAL DAMAGE,29,19079
CRIMINAL SEXUAL ASSAULT,29,134
CRIMINAL TRESPASS,29,3985
DECEPTIVE PRACTICE,29,4400
GAMBLING,29,1033
HOMICIDE,29,477
HUMAN TRAFFICKING,29,3
INTERFERENCE WITH PUBLIC OFFICER,29,641
INTIMIDATION,29,77
KIDNAPPING,29,107
LIQUOR LAW VIOLATION,29,230
MOTOR VEHICLE THEFT,29,7455
NARCOTICS,29,44494
NON - CRIMINAL,29,2
NON-CRIMINAL,29,4
OBSCENITY,29,18
OFFENSE INVOLVING CHILDREN,29,1289
OTHER OFFENSE,29,10943
PROSTITUTION,29,1466
PUBLIC INDECENCY,29,2
PUBLIC PEACE VIOLATION,29,1361
ROBBERY,29,8290
SEX OFFENSE,29,611
STALKING,29,96
THEFT,29,24804
WEAPONS VIOLATION,29,4021
ARSON,3,85
ASSAULT,3,6388
BATTERY,3,17161
BURGLARY,3,3881
CONCEALED CARRY LICENSE VIOLATION,3,5
CRIM SEXUAL ASSAULT,3,479
CRIMINAL DAMAGE,3,9274
CRIMINAL SEXUAL ASSAULT,3,89
CRIMINAL TRESPASS,3,3866
DECEPTIVE PRACTICE,3,6780
GAMBLING,3,96
HOMICIDE,3,93
INTERFERENCE WITH PUBLIC OFFICER,3,179
INTIMIDATION,3,49
KIDNAPPING,3,49
LIQUOR LAW VIOLATION,3,239
MOTOR VEHICLE THEFT,3,3295
NARCOTICS,3,10737
NON-CRIMINAL,3,5
OBSCENITY,3,11
OFFENSE INVOLVING CHILDREN,3,562
OTHER NARCOTIC VIOLATION,3,4
OTHER OFFENSE,3,6131
PROSTITUTION,3,797
PUBLIC INDECENCY,3,2
PUBLIC PEACE VIOLATION,3,883
ROBBERY,3,3033
SEX OFFENSE,3,756
STALKING,3,44
THEFT,3,24591
WEAPONS VIOLATION,3,556
ARSON,30,333
ASSAULT,30,8217
BATTERY,30,23870
BURGLARY,30,5018
CONCEALED CARRY LICENSE VIOLATION,30,17
CRIM SEXUAL ASSAULT,30,483
CRIMINAL DAMAGE,30,13795
CRIMINAL SEXUAL ASSAULT,30,95
CRIMINAL TRESPASS,30,1772
DECEPTIVE PRACTICE,30,2921
GAMBLING,30,43
HOMICIDE,30,306
INTERFERENCE WITH PUBLIC OFFICER,30,247
INTIMIDATION,30,156
KIDNAPPING,30,103
LIQUOR LAW VIOLATION,30,777
MOTOR VEHICLE THEFT,30,7230
NARCOTICS,30,9369
NON - CRIMINAL,30,1
NON-CRIMINAL,30,4
OBSCENITY,30,12
OFFENSE INVOLVING CHILDREN,30,1260
OTHER NARCOTIC VIOLATION,30,1
OTHER OFFENSE,30,9012
PROSTITUTION,30,1251
PUBLIC INDECENCY,30,5
PUBLIC PEACE VIOLATION,30,2574
ROBBERY,30,4717
SEX OFFENSE,30,692
STALKING,30,69
THEFT,30,19036
WEAPONS VIOLATION,30,2226
ARSON,31,152
ASSAULT,31,5010
BATTERY,31,11914
BURGLARY,31,3165
CONCEALED CARRY LICENSE VIOLATION,31,7
CRIM SEXUAL ASSAULT,31,224
CRIMINAL DAMAGE,31,9348
CRIMINAL SEXUAL ASSAULT,31,58
CRIMINAL TRESPASS,31,1595
DECEPTIVE PRACTICE,31,2388
GAMBLING,31,9
HOMICIDE,31,128
INTERFERENCE WITH PUBLIC OFFICER,31,110
INTIMIDATION,31,53
KIDNAPPING,31,40
LIQUOR LAW VIOLATION,31,376
MOTOR VEHICLE THEFT,31,4017
NARCOTICS,31,4252
NON - CRIMINAL,31,1
NON-CRIMINAL,31,1
OBSCENITY,31,10
OFFENSE INVOLVING CHILDREN,31,537
OTHER NARCOTIC VIOLATION,31,2
OTHER OFFENSE,31,3873
PROSTITUTION,31,587
PUBLIC INDECENCY,31,2
PUBLIC PEACE VIOLATION,31,1064
ROBBERY,31,1875
SEX OFFENSE,31,379
STALKING,31,49
THEFT,31,14696
WEAPONS VIOLATION,31,982
ARSON,32,52
ASSAULT,32,7076
BATTERY,32,14738
BURGLARY,32,2405
CONCEALED CARRY LICENSE VIOLATION,32,11
CRIM SEXUAL ASSAULT,32,340
CRIMINAL DAMAGE,32,7866
CRIMINAL SEXUAL ASSAULT,32,118
CRIMINAL TRESPASS,32,7738
DECEPTIVE PRACTICE,32,20072
GAMBLING,32,20
HOMICIDE,32,26
HUMAN TRAFFICKING,32,3
INTERFERENCE WITH PUBLIC OFFICER,32,199
INTIMIDATION,32,126
KIDNAPPING,32,38
LIQUOR LAW VIOLATION,32,263
MOTOR VEHICLE THEFT,32,2672
NARCOTICS,32,3666
NON-CRIMINAL,32,10
OBSCENITY,32,12
OFFENSE INVOLVING CHILDREN,32,179
OTHER NARCOTIC VIOLATION,32,14
OTHER OFFENSE,32,6680
PROSTITUTION,32,510
PUBLIC INDECENCY,32,17
PUBLIC PEACE VIOLATION,32,1412
ROBBERY,32,4569
SEX OFFENSE,32,636
STALKING,32,117
THEFT,32,85578
WEAPONS VIOLATION,32,457
ARSON,33,34
ASSAULT,33,2692
BATTERY,33,7424
BURGLARY,33,1375
CONCEALED CARRY LICENSE VIOLATION,33,4
CRIM SEXUAL ASSAULT,33,118
CRIMINAL DAMAGE,33,4004
CRIMINAL SEXUAL ASSAULT,33,40
CRIMINAL TRESPASS,33,7341
DECEPTIVE PRACTICE,33,3564
GAMBLING,33,33
HOMICIDE,33,37
INTERFERENCE WITH PUBLIC OFFICER,33,99
INTIMIDATION,33,28
KIDNAPPING,33,27
LIQUOR LAW VIOLATION,33,66
MOTOR VEHICLE THEFT,33,1909
NARCOTICS,33,3351
NON-CRIMINAL,33,3
OBSCENITY,33,9
OFFENSE INVOLVING CHILDREN,33,230
OTHER NARCOTIC VIOLATION,33,3
OTHER OFFENSE,33,3016
PROSTITUTION,33,56
PUBLIC INDECENCY,33,1
PUBLIC PEACE VIOLATION,33,210
ROBBERY,33,1286
SEX OFFENSE,33,161
STALKING,33,45
THEFT,33,14968
WEAPONS VIOLATION,33,274
ARSON,34,41
ASSAULT,34,1330
BATTERY,34,3917
BURGLARY,34,1212
CONCEALED CARRY LICENSE VIOLATION,34,1
CRIM SEXUAL ASSAULT,34,46
CRIMINAL DAMAGE,34,3044
CRIMINAL SEXUAL ASSAULT,34,12
CRIMINAL TRESPASS,34,1096
DECEPTIVE PRACTICE,34,1885
GAMBLING,34,88
HOMICIDE,34,27
HUMAN TRAFFICKING,34,1
INTERFERENCE WITH PUBLIC OFFICER,34,46
INTIMIDATION,34,20
KIDNAPPING,34,6
LIQUOR LAW VIOLATION,34,77
MOTOR VEHICLE THEFT,34,1407
NARCOTICS,34,1506
NON-CRIMINAL,34,1
OBSCENITY,34,2
OFFENSE INVOLVING CHILDREN,34,103
OTHER OFFENSE,34,1073
PROSTITUTION,34,44
PUBLIC INDECENCY,34,2
PUBLIC PEACE VIOLATION,34,113
ROBBERY,34,1607
SEX OFFENSE,34,96
STALKING,34,16
THEFT,34,6724
WEAPONS VIOLATION,34,224
ARSON,35,43
ASSAULT,35,5039
BATTERY,35,14621
BURGLARY,35,1744
CONCEALED CARRY LICENSE VIOLATION,35,6
CRIM SEXUAL ASSAULT,35,268
CRIMINAL DAMAGE,35,5609
CRIMINAL SEXUAL ASSAULT,35,48
CRIMINAL TRESPASS,35,6094
DECEPTIVE PRACTICE,35,3030
GAMBLING,35,130
HOMICIDE,35,84
HUMAN TRAFFICKING,35,1
INTERFERENCE WITH PUBLIC OFFICER,35,126
INTIMIDATION,35,55
KIDNAPPING,35,50
LIQUOR LAW VIOLATION,35,33
MOTOR VEHICLE THEFT,35,2881
NARCOTICS,35,12651
NON - CRIMINAL,35,1
NON-CRIMINAL,35,2
OBSCENITY,35,5
OFFENSE INVOLVING CHILDREN,35,375
OTHER OFFENSE,35,4192
PROSTITUTION,35,76
PUBLIC INDECENCY,35,1
PUBLIC PEACE VIOLATION,35,359
ROBBERY,35,2875
SEX OFFENSE,35,248
STALKING,35,51
THEFT,35,14900
WEAPONS VIOLATION,35,665
ARSON,36,22
ASSAULT,36,1297
BATTERY,36,3324
BURGLARY,36,774
CONCEALED CARRY LICENSE VIOLATION,36,2
CRIM SEXUAL ASSAULT,36,64
CRIMINAL DAMAGE,36,1898
CRIMINAL SEXUAL ASSAULT,36,13
CRIMINAL TRESPASS,36,574
DECEPTIVE PRACTICE,36,619
GAMBLING,36,28
HOMICIDE,36,26
INTERFERENCE WITH PUBLIC OFFICER,36,18
INTIMIDATION,36,10
KIDNAPPING,36,10
LIQUOR LAW VIOLATION,36,2
MOTOR VEHICLE THEFT,36,750
NARCOTICS,36,1042
NON-CRIMINAL,36,1
OBSCENITY,36,3
OFFENSE INVOLVING CHILDREN,36,179
OTHER OFFENSE,36,1319
PUBLIC INDECENCY,36,1
PUBLIC PEACE VIOLATION,36,54
ROBBERY,36,501
SEX OFFENSE,36,61
STALKING,36,14
THEFT,36,2694
WEAPONS VIOLATION,36,185
ARSON,37,35
ASSAULT,37,1640
BATTERY,37,4209
BURGLARY,37,790
CONCEALED CARRY LICENSE VIOLATION,37,1
CRIM SEXUAL ASSAULT,37,86
CRIMINAL DAMAGE,37,2053
CRIMINAL SEXUAL ASSAULT,37,10
CRIMINAL TRESPASS,37,1075
DECEPTIVE PRACTICE,37,1088
GAMBLING,37,49
HOMICIDE,37,44
HUMAN TRAFFICKING,37,1
INTERFERENCE WITH PUBLIC OFFICER,37,114
INTIMIDATION,37,34
KIDNAPPING,37,15
LIQUOR LAW VIOLATION,37,13
MOTOR VEHICLE THEFT,37,1056
NARCOTICS,37,3478
NON - CRIMINAL,37,1
NON-CRIMINAL,37,1
NON-CRIMINAL (SUBJECT SPECIFIED),37,1
OBSCENITY,37,2
OFFENSE INVOLVING CHILDREN,37,197
OTHER NARCOTIC VIOLATION,37,1
OTHER OFFENSE,37,929
PROSTITUTION,37,35
PUBLIC INDECENCY,37,1
PUBLIC PEACE VIOLATION,37,161
ROBBERY,37,1183
SEX OFFENSE,37,57
STALKING,37,14
THEFT,37,4174
WEAPONS VIOLATION,37,409
ARSON,38,92
ASSAULT,38,7120
BATTERY,38,20495
BURGLARY,38,4949
CONCEALED CARRY LICENSE VIOLATION,38,3
CRIM SEXUAL ASSAULT,38,384
CRIMINAL DAMAGE,38,10135
CRIMINAL SEXUAL ASSAULT,38,55
CRIMINAL TRESPASS,38,2983
DECEPTIVE PRACTICE,38,3102
GAMBLING,38,230
HOMICIDE,38,176
HUMAN TRAFFICKING,38,2
INTERFERENCE WITH PUBLIC OFFICER,38,208
INTIMIDATION,38,48
KIDNAPPING,38,70
LIQUOR LAW VIOLATION,38,73
MOTOR VEHICLE THEFT,38,4460
NARCOTICS,38,9720
OBSCENITY,38,14
OFFENSE INVOLVING CHILDREN,38,587
OTHER NARCOTIC VIOLATION,38,1
OTHER OFFENSE,38,5892
PROSTITUTION,38,2066
PUBLIC INDECENCY,38,3
PUBLIC PEACE VIOLATION,38,428
ROBBERY,38,4161
SEX OFFENSE,38,295
STALKING,38,47
THEFT,38,15907
WEAPONS VIOLATION,38,1192
ARSON,39,36
ASSAULT,39,2908
BATTERY,39,7358
BURGLARY,39,2186
CRIM SEXUAL ASSAULT,39,158
CRIMINAL DAMAGE,39,4391
CRIMINAL SEXUAL ASSAULT,39,24
CRIMINAL TRESPASS,39,1041
DECEPTIVE PRACTICE,39,1932
GAMBLING,39,69
HOMICIDE,39,36
INTERFERENCE WITH PUBLIC OFFICER,39,31
INTIMIDATION,39,22
KIDNAPPING,39,30
LIQUOR LAW VIOLATION,39,12
MOTOR VEHICLE THEFT,39,1869
NARCOTICS,39,1927
NON-CRIMINAL,39,1
OBSCENITY,39,6
OFFENSE INVOLVING CHILDREN,39,324
OTHER OFFENSE,39,3095
PROSTITUTION,39,10
PUBLIC PEACE VIOLATION,39,146
ROBBERY,39,1580
SEX OFFENSE,39,132
STALKING,39,28
THEFT,39,9487
WEAPONS VIOLATION,39,333
ARSON,4,40
ASSAULT,4,2494
BATTERY,4,7397
BURGLARY,4,3307
CONCEALED CARRY LICENSE VIOLATION,4,2
CRIM SEXUAL ASSAULT,4,182
CRIMINAL DAMAGE,4,6791
CRIMINAL SEXUAL ASSAULT,4,51
CRIMINAL TRESPASS,4,1272
DECEPTIVE PRACTICE,4,3147
GAMBLING,4,56
HOMICIDE,4,19
INTERFERENCE WITH PUBLIC OFFICER,4,58
INTIMIDATION,4,34
KIDNAPPING,4,47
LIQUOR LAW VIOLATION,4,189
MOTOR VEHICLE THEFT,4,2235
NARCOTICS,4,1790
NON-CRIMINAL,4,3
OBSCENITY,4,5
OFFENSE INVOLVING CHILDREN,4,278
OTHER NARCOTIC VIOLATION,4,2
OTHER OFFENSE,4,3429
PROSTITUTION,4,197
PUBLIC INDECENCY,4,4
PUBLIC PEACE VIOLATION,4,405
ROBBERY,4,1117
SEX OFFENSE,4,281
STALKING,4,41
THEFT,4,13679
WEAPONS VIOLATION,4,185
ARSON,40,76
ASSAULT,40,5688
BATTERY,40,17906
BURGLARY,40,3953
CONCEALED CARRY LICENSE VIOLATION,40,1
CRIM SEXUAL ASSAULT,40,307
CRIMINAL DAMAGE,40,8043
CRIMINAL SEXUAL ASSAULT,40,34
CRIMINAL TRESPASS,40,2613
DECEPTIVE PRACTICE,40,1617
GAMBLING,40,264
HOMICIDE,40,171
HUMAN TRAFFICKING,40,3
INTERFERENCE WITH PUBLIC OFFICER,40,177
INTIMIDATION,40,32
KIDNAPPING,40,58
LIQUOR LAW VIOLATION,40,66
MOTOR VEHICLE THEFT,40,3362
NARCOTICS,40,7138
OBSCENITY,40,9
OFFENSE INVOLVING CHILDREN,40,560
OTHER OFFENSE,40,4319
PROSTITUTION,40,1280
PUBLIC INDECENCY,40,1
PUBLIC PEACE VIOLATION,40,372
ROBBERY,40,3456
SEX OFFENSE,40,218
STALKING,40,36
THEFT,40,10007
WEAPONS VIOLATION,40,1140
ARSON,41,30
ASSAULT,41,2339
BATTERY,41,5318
BURGLARY,41,3196
CRIM SEXUAL ASSAULT,41,197
CRIMINAL DAMAGE,41,4442
CRIMINAL SEXUAL ASSAULT,41,41
CRIMINAL TRESPASS,41,1124
DECEPTIVE PRACTICE,41,2997
GAMBLING,41,32
HOMICIDE,41,29
HUMAN TRAFFICKING,41,2
INTERFERENCE WITH PUBLIC OFFICER,41,33
INTIMIDATION,41,15
KIDNAPPING,41,30
LIQUOR LAW VIOLATION,41,28
MOTOR VEHICLE THEFT,41,2394
NARCOTICS,41,997
OBSCENITY,41,9
OFFENSE INVOLVING CHILDREN,41,266
OTHER OFFENSE,41,2751
PROSTITUTION,41,4
PUBLIC INDECENCY,41,2
PUBLIC PEACE VIOLATION,41,129
ROBBERY,41,2419
SEX OFFENSE,41,200
STALKING,41,40
THEFT,41,14230
WEAPONS VIOLATION,41,191
ARSON,42,135
ASSAULT,42,8341
BATTERY,42,23699
BURGLARY,42,6792
CONCEALED CARRY LICENSE VIOLATION,42,8
CRIM SEXUAL ASSAULT,42,487
CRIMINAL DAMAGE,42,12225
CRIMINAL SEXUAL ASSAULT,42,66
CRIMINAL TRESPASS,42,4985
DECEPTIVE PRACTICE,42,3201
GAMBLING,42,443
HOMICIDE,42,193
HUMAN TRAFFICKING,42,1
INTERFERENCE WITH PUBLIC OFFICER,42,388
INTIMIDATION,42,78
KIDNAPPING,42,118
LIQUOR LAW VIOLATION,42,91
MOTOR VEHICLE THEFT,42,4058
NARCOTICS,42,12684
NON-CRIMINAL,42,2
OBSCENITY,42,10
OFFENSE INVOLVING CHILDREN,42,1052
OTHER OFFENSE,42,7723
PROSTITUTION,42,634
PUBLIC INDECENCY,42,1
PUBLIC PEACE VIOLATION,42,1016
ROBBERY,42,4760
SEX OFFENSE,42,406
STALKING,42,62
THEFT,42,15242
WEAPONS VIOLATION,42,1784
ARSON,43,291
ASSAULT,43,17038
BATTERY,43,49931
BURGLARY,43,16937
CONCEALED CARRY LICENSE VIOLATION,43,14
CRIM SEXUAL ASSAULT,43,1016
CRIMINAL DAMAGE,43,26606
CRIMINAL SEXUAL ASSAULT,43,164
CRIMINAL TRESPASS,43,5590
DECEPTIVE PRACTICE,43,7745
GAMBLING,43,509
HOMICIDE,43,457
HUMAN TRAFFICKING,43,1
INTERFERENCE WITH PUBLIC OFFICER,43,596
INTIMIDATION,43,114
KIDNAPPING,43,190
LIQUOR LAW VIOLATION,43,140
MOTOR VEHICLE THEFT,43,9422
NARCOTICS,43,18693
NON - CRIMINAL,43,1
NON-CRIMINAL,43,1
OBSCENITY,43,22
OFFENSE INVOLVING CHILDREN,43,2033
OTHER OFFENSE,43,16437
PROSTITUTION,43,1047
PUBLIC INDECENCY,43,3
PUBLIC PEACE VIOLATION,43,1181
ROBBERY,43,10099
SEX OFFENSE,43,687
STALKING,43,141
THEFT,43,35553
WEAPONS VIOLATION,43,3158
ARSON,44,195
ASSAULT,44,10693
BATTERY,44,28719
BURGLARY,44,8943
CONCEALED CARRY LICENSE VIOLATION,44,24
CRIM SEXUAL ASSAULT,44,585
CRIMINAL DAMAGE,44,15736
CRIMINAL SEXUAL ASSAULT,44,78
CRIMINAL TRESPASS,44,3840
DECEPTIVE PRACTICE,44,6968
GAMBLING,44,199
HOMICIDE,44,300
HUMAN TRAFFICKING,44,1
INTERFERENCE WITH PUBLIC OFFICER,44,375
INTIMIDATION,44,69
KIDNAPPING,44,141
LIQUOR LAW VIOLATION,44,107
MOTOR VEHICLE THEFT,44,7867
NARCOTICS,44,11417
NON-CRIMINAL,44,2
OBSCENITY,44,12
OFFENSE INVOLVING CHILDREN,44,1132
OTHER NARCOTIC VIOLATION,44,1
OTHER OFFENSE,44,9456
PROSTITUTION,44,401
PUBLIC INDECENCY,44,7
PUBLIC PEACE VIOLATION,44,692
RITUALISM,44,1
ROBBERY,44,7906
SEX OFFENSE,44,401
STALKING,44,139
THEFT,44,31611
WEAPONS VIOLATION,44,2220
ARSON,45,63
ASSAULT,45,2740
BATTERY,45,6912
BURGLARY,45,2279
CONCEALED CARRY LICENSE VIOLATION,45,3
CRIM SEXUAL ASSAULT,45,163
CRIMINAL DAMAGE,45,4000
CRIMINAL SEXUAL ASSAULT,45,19
CRIMINAL TRESPASS,45,656
DECEPTIVE PRACTICE,45,1492
GAMBLING,45,36
HOMICIDE,45,68
INTERFERENCE WITH PUBLIC OFFICER,45,76
INTIMIDATION,45,26
KIDNAPPING,45,41
LIQUOR LAW VIOLATION,45,19
MOTOR VEHICLE THEFT,45,2072
NARCOTICS,45,1780
OBSCENITY,45,4
OFFENSE INVOLVING CHILDREN,45,300
OTHER OFFENSE,45,2466
PROSTITUTION,45,15
PUBLIC INDECENCY,45,1
PUBLIC PEACE VIOLATION,45,301
ROBBERY,45,1895
SEX OFFENSE,45,109
STALKING,45,28
THEFT,45,7012
WEAPONS VIOLATION,45,673
ARSON,46,231
ASSAULT,46,10733
BATTERY,46,28076
BURGLARY,46,8297
CONCEALED CARRY LICENSE VIOLATION,46,10
CRIM SEXUAL ASSAULT,46,540
CRIMINAL DAMAGE,46,15585
CRIMINAL SEXUAL ASSAULT,46,73
CRIMINAL TRESPASS,46,2996
DECEPTIVE PRACTICE,46,3550
GAMBLING,46,205
HOMICIDE,46,276
HUMAN TRAFFICKING,46,2
INTERFERENCE WITH PUBLIC OFFICER,46,418
INTIMIDATION,46,101
KIDNAPPING,46,146
LIQUOR LAW VIOLATION,46,199
MOTOR VEHICLE THEFT,46,5147
NARCOTICS,46,12117
OBSCENITY,46,7
OFFENSE INVOLVING CHILDREN,46,1428
OTHER NARCOTIC VIOLATION,46,3
OTHER OFFENSE,46,8814
PROSTITUTION,46,512
PUBLIC PEACE VIOLATION,46,965
RITUALISM,46,2
ROBBERY,46,4895
SEX OFFENSE,46,431
STALKING,46,82
THEFT,46,18452
WEAPONS VIOLATION,46,2357
ARSON,47,30
ASSAULT,47,836
BATTERY,47,2076
BURGLARY,47,847
CONCEALED CARRY LICENSE VIOLATION,47,2
CRIM SEXUAL ASSAULT,47,47
CRIMINAL DAMAGE,47,1471
CRIMINAL SEXUAL ASSAULT,47,6
CRIMINAL TRESPASS,47,185
DECEPTIVE PRACTICE,47,290
GAMBLING,47,55
HOMICIDE,47,29
INTERFERENCE WITH PUBLIC OFFICER,47,24
INTIMIDATION,47,4
KIDNAPPING,47,7
LIQUOR LAW VIOLATION,47,8
MOTOR VEHICLE THEFT,47,487
NARCOTICS,47,982
OFFENSE INVOLVING CHILDREN,47,95
OTHER OFFENSE,47,724
PROSTITUTION,47,2
PUBLIC PEACE VIOLATION,47,73
ROBBERY,47,359
SEX OFFENSE,47,27
STALKING,47,6
THEFT,47,1431
WEAPONS VIOLATION,47,210
ARSON,48,42
ASSAULT,48,2552
BATTERY,48,6276
BURGLARY,48,2487
CONCEALED CARRY LICENSE VIOLATION,48,4
CRIM SEXUAL ASSAULT,48,160
CRIMINAL DAMAGE,48,4898
CRIMINAL SEXUAL ASSAULT,48,29
CRIMINAL TRESPASS,48,722
DECEPTIVE PRACTICE,48,1837
GAMBLING,48,38
HOMICIDE,48,51
INTERFERENCE WITH PUBLIC OFFICER,48,72
INTIMIDATION,48,23
KIDNAPPING,48,48
LIQUOR LAW VIOLATION,48,64
MOTOR VEHICLE THEFT,48,2619
NARCOTICS,48,2090
OBSCENITY,48,5
OFFENSE INVOLVING CHILDREN,48,351
OTHER OFFENSE,48,2867
PROSTITUTION,48,2
PUBLIC PEACE VIOLATION,48,152
ROBBERY,48,1900
SEX OFFENSE,48,103
STALKING,48,32
THEFT,48,7447
WEAPONS VIOLATION,48,625
ARSON,49,357
ASSAULT,49,14556
BATTERY,49,38783
BURGLARY,49,11101
CONCEALED CARRY LICENSE VIOLATION,49,20
CRIM SEXUAL ASSAULT,49,801
CRIMINAL DAMAGE,49,22417
CRIMINAL SEXUAL ASSAULT,49,101
CRIMINAL TRESPASS,49,4665
DECEPTIVE PRACTICE,49,5877
GAMBLING,49,364
HOMICIDE,49,378
HUMAN TRAFFICKING,49,3
INTERFERENCE WITH PUBLIC OFFICER,49,660
INTIMIDATION,49,107
KIDNAPPING,49,205
LIQUOR LAW VIOLATION,49,106
MOTOR VEHICLE THEFT,49,8054
NARCOTICS,49,19524
NON - CRIMINAL,49,1
OBSCENITY,49,15
OFFENSE INVOLVING CHILDREN,49,1535
OTHER NARCOTIC VIOLATION,49,1
OTHER OFFENSE,49,11970
PROSTITUTION,49,1410
PUBLIC INDECENCY,49,1
PUBLIC PEACE VIOLATION,49,1119
ROBBERY,49,7836
SEX OFFENSE,49,579
STALKING,49,99
THEFT,49,26769
WEAPONS VIOLATION,49,3690
ARSON,5,53
ASSAULT,5,1703
BATTERY,5,4114
BURGLARY,5,3756
CRIM SEXUAL ASSAULT,5,130
CRIMINAL DAMAGE,5,5399
CRIMINAL SEXUAL ASSAULT,5,19
CRIMINAL TRESPASS,5,1740
DECEPTIVE PRACTICE,5,2979
GAMBLING,5,31
HOMICIDE,5,22
INTERFERENCE WITH PUBLIC OFFICER,5,55
INTIMIDATION,5,41
KIDNAPPING,5,36
LIQUOR LAW VIOLATION,5,121
MOTOR VEHICLE THEFT,5,1774
NARCOTICS,5,1454
NON-CRIMINAL,5,3
OBSCENITY,5,11
OFFENSE INVOLVING CHILDREN,5,218
OTHER OFFENSE,5,2481
PROSTITUTION,5,126
PUBLIC INDECENCY,5,1
PUBLIC PEACE VIOLATION,5,210
ROBBERY,5,914
SEX OFFENSE,5,172
STALKING,5,40
THEFT,5,12861
WEAPONS VIOLATION,5,141
ARSON,50,36
ASSAULT,50,2731
BATTERY,50,6042
BURGLARY,50,1258
CONCEALED CARRY LICENSE VIOLATION,50,5
CRIM SEXUAL ASSAULT,50,105
CRIMINAL DAMAGE,50,3314
CRIMINAL SEXUAL ASSAULT,50,12
CRIMINAL TRESPASS,50,803
DECEPTIVE PRACTICE,50,1104
GAMBLING,50,28
HOMICIDE,50,43
INTERFERENCE WITH PUBLIC OFFICER,50,111
INTIMIDATION,50,61
KIDNAPPING,50,51
LIQUOR LAW VIOLATION,50,13
MOTOR VEHICLE THEFT,50,1313
NARCOTICS,50,1461
NON - CRIMINAL,50,2
NON-CRIMINAL,50,2
NON-CRIMINAL (SUBJECT SPECIFIED),50,1
OBSCENITY,50,3
OFFENSE INVOLVING CHILDREN,50,367
OTHER OFFENSE,50,2137
PROSTITUTION,50,5
PUBLIC INDECENCY,50,2
PUBLIC PEACE VIOLATION,50,212
RITUALISM,50,1
ROBBERY,50,806
SEX OFFENSE,50,104
STALKING,50,30
THEFT,50,5135
WEAPONS VIOLATION,50,488
ARSON,51,88
ASSAULT,51,4014
BATTERY,51,8484
BURGLARY,51,2606
CONCEALED CARRY LICENSE VIOLATION,51,7
CRIM SEXUAL ASSAULT,51,162
CRIMINAL DAMAGE,51,6185
CRIMINAL SEXUAL ASSAULT,51,15
CRIMINAL TRESPASS,51,1270
DECEPTIVE PRACTICE,51,1890
GAMBLING,51,66
HOMICIDE,51,87
HUMAN TRAFFICKING,51,2
INTERFERENCE WITH PUBLIC OFFICER,51,126
INTIMIDATION,51,35
KIDNAPPING,51,53
LIQUOR LAW VIOLATION,51,65
MOTOR VEHICLE THEFT,51,2026
NARCOTICS,51,2759
NON - CRIMINAL,51,1
NON-CRIMINAL,51,2
OBSCENITY,51,2
OFFENSE INVOLVING CHILDREN,51,554
OTHER OFFENSE,51,3366
PROSTITUTION,51,7
PUBLIC INDECENCY,51,2
PUBLIC PEACE VIOLATION,51,272
RITUALISM,51,1
ROBBERY,51,1471
SEX OFFENSE,51,121
STALKING,51,35
THEFT,51,8416
WEAPONS VIOLATION,51,808
ARSON,52,110
ASSAULT,52,2770
BATTERY,52,6327
BURGLARY,52,2341
CONCEALED CARRY LICENSE VIOLATION,52,2
CRIM SEXUAL ASSAULT,52,111
CRIMINAL DAMAGE,52,6635
CRIMINAL SEXUAL ASSAULT,52,15
CRIMINAL TRESPASS,52,613
DECEPTIVE PRACTICE,52,1107
GAMBLING,52,7
HOMICIDE,52,45
HUMAN TRAFFICKING,52,1
INTERFERENCE WITH PUBLIC OFFICER,52,66
INTIMIDATION,52,29
KIDNAPPING,52,81
LIQUOR LAW VIOLATION,52,80
MOTOR VEHICLE THEFT,52,1504
NARCOTICS,52,2365
OBSCENITY,52,3
OFFENSE INVOLVING CHILDREN,52,493
OTHER NARCOTIC VIOLATION,52,2
OTHER OFFENSE,52,2645
PROSTITUTION,52,3
PUBLIC PEACE VIOLATION,52,353
ROBBERY,52,594
SEX OFFENSE,52,172
STALKING,52,25
THEFT,52,4815
WEAPONS VIOLATION,52,603
ARSON,53,270
ASSAULT,53,9074
BATTERY,53,24721
BURGLARY,53,7901
CONCEALED CARRY LICENSE VIOLATION,53,17
CRIM SEXUAL ASSAULT,53,523
CRIMINAL DAMAGE,53,15128
CRIMINAL SEXUAL ASSAULT,53,54
CRIMINAL TRESPASS,53,2096
DECEPTIVE PRACTICE,53,3106
GAMBLING,53,183
HOMICIDE,53,291
HUMAN TRAFFICKING,53,1
INTERFERENCE WITH PUBLIC OFFICER,53,391
INTIMIDATION,53,75
KIDNAPPING,53,143
LIQUOR LAW VIOLATION,53,95
MOTOR VEHICLE THEFT,53,5081
NARCOTICS,53,11533
OBSCENITY,53,2
OFFENSE INVOLVING CHILDREN,53,1124
OTHER OFFENSE,53,7933
PROSTITUTION,53,1050
PUBLIC INDECENCY,53,1
PUBLIC PEACE VIOLATION,53,617
RITUALISM,53,1
ROBBERY,53,4000
SEX OFFENSE,53,378
STALKING,53,62
THEFT,53,14356
WEAPONS VIOLATION,53,2746
ARSON,54,46
ASSAULT,54,3304
BATTERY,54,9030
BURGLARY,54,1376
CONCEALED CARRY LICENSE VIOLATION,54,2
CRIM SEXUAL ASSAULT,54,144
CRIMINAL DAMAGE,54,4240
CRIMINAL SEXUAL ASSAULT,54,15
CRIMINAL TRESPASS,54,1010
DECEPTIVE PRACTICE,54,533
GAMBLING,54,44
HOMICIDE,54,84
HUMAN TRAFFICKING,54,1
INTERFERENCE WITH PUBLIC OFFICER,54,96
INTIMIDATION,54,13
KIDNAPPING,54,28
LIQUOR LAW VIOLATION,54,16
MOTOR VEHICLE THEFT,54,993
NARCOTICS,54,2071
OBSCENITY,54,4
OFFENSE INVOLVING CHILDREN,54,337
OTHER NARCOTIC VIOLATION,54,1
OTHER OFFENSE,54,2067
PROSTITUTION,54,4
PUBLIC INDECENCY,54,1
PUBLIC PEACE VIOLATION,54,157
ROBBERY,54,1067
SEX OFFENSE,54,142
STALKING,54,25
THEFT,54,3224
WEAPONS VIOLATION,54,725
ARSON,55,56
ASSAULT,55,1193
BATTERY,55,2741
BURGLARY,55,1064
CONCEALED CARRY LICENSE VIOLATION,55,2
CRIM SEXUAL ASSAULT,55,49
CRIMINAL DAMAGE,55,2416
CRIMINAL SEXUAL ASSAULT,55,7
CRIMINAL TRESPASS,55,318
DECEPTIVE PRACTICE,55,672
GAMBLING,55,11
HOMICIDE,55,15
INTERFERENCE WITH PUBLIC OFFICER,55,21
INTIMIDATION,55,18
KIDNAPPING,55,19
LIQUOR LAW VIOLATION,55,27
MOTOR VEHICLE THEFT,55,644
NARCOTICS,55,803
NON-CRIMINAL,55,1
OBSCENITY,55,3
OFFENSE INVOLVING CHILDREN,55,191
OTHER OFFENSE,55,1302
PROSTITUTION,55,2
PUBLIC PEACE VIOLATION,55,104
ROBBERY,55,239
SEX OFFENSE,55,58
STALKING,55,24
THEFT,55,2918
WEAPONS VIOLATION,55,142
ARSON,56,107
ASSAULT,56,3133
BATTERY,56,7839
BURGLARY,56,3624
CONCEALED CARRY LICENSE VIOLATION,56,118
CRIM SEXUAL ASSAULT,56,159
CRIMINAL DAMAGE,56,8998
CRIMINAL SEXUAL ASSAULT,56,23
CRIMINAL TRESPASS,56,1340
DECEPTIVE PRACTICE,56,3856
GAMBLING,56,35
HOMICIDE,56,57
INTERFERENCE WITH PUBLIC OFFICER,56,77
INTIMIDATION,56,31
KIDNAPPING,56,42
LIQUOR LAW VIOLATION,56,93
MOTOR VEHICLE THEFT,56,2569
NARCOTICS,56,3470
NON - CRIMINAL,56,1
NON-CRIMINAL,56,5
OBSCENITY,56,7
OFFENSE INVOLVING CHILDREN,56,397
OTHER NARCOTIC VIOLATION,56,1
OTHER OFFENSE,56,3551
PROSTITUTION,56,2868
PUBLIC PEACE VIOLATION,56,406
ROBBERY,56,1434
SEX OFFENSE,56,229
STALKING,56,35
THEFT,56,11563
WEAPONS VIOLATION,56,563
ARSON,57,59
ASSAULT,57,1266
BATTERY,57,3314
BURGLARY,57,1953
CONCEALED CARRY LICENSE VIOLATION,57,1
CRIM SEXUAL ASSAULT,57,87
CRIMINAL DAMAGE,57,4079
CRIMINAL SEXUAL ASSAULT,57,21
CRIMINAL TRESPASS,57,331
DECEPTIVE PRACTICE,57,1049
GAMBLING,57,8
HOMICIDE,57,26
INTERFERENCE WITH PUBLIC OFFICER,57,19
INTIMIDATION,57,15
KIDNAPPING,57,40
LIQUOR LAW VIOLATION,57,55
MOTOR VEHICLE THEFT,57,1751
NARCOTICS,57,1005
NON-CRIMINAL,57,1
OBSCENITY,57,6
OFFENSE INVOLVING CHILDREN,57,201
OTHER OFFENSE,57,1297
PROSTITUTION,57,550
PUBLIC INDECENCY,57,2
PUBLIC PEACE VIOLATION,57,187
ROBBERY,57,932
SEX OFFENSE,57,138
STALKING,57,11
THEFT,57,5897
WEAPONS VIOLATION,57,246
ARSON,58,208
ASSAULT,58,3940
BATTERY,58,12178
BURGLARY,58,4731
CONCEALED CARRY LICENSE VIOLATION,58,1
CRIM SEXUAL ASSAULT,58,267
CRIMINAL DAMAGE,58,9494
CRIMINAL SEXUAL ASSAULT,58,43
CRIMINAL TRESPASS,58,999
DECEPTIVE PRACTICE,58,2217
GAMBLING,58,18
HOMICIDE,58,136
HUMAN TRAFFICKING,58,1
INTERFERENCE WITH PUBLIC OFFICER,58,142
INTIMIDATION,58,59
KIDNAPPING,58,90
LIQUOR LAW VIOLATION,58,205
MOTOR VEHICLE THEFT,58,4619
NARCOTICS,58,4659
NON - CRIMINAL,58,1
OBSCENITY,58,15
OFFENSE INVOLVING CHILDREN,58,765
OTHER NARCOTIC VIOLATION,58,1
OTHER OFFENSE,58,4290
PROSTITUTION,58,2214
PUBLIC INDECENCY,58,3
PUBLIC PEACE VIOLATION,58,800
ROBBERY,58,2370
SEX OFFENSE,58,462
STALKING,58,39
THEFT,58,10396
WEAPONS VIOLATION,58,1064
ARSON,59,79
ASSAULT,59,1697
BATTERY,59,4155
BURGLARY,59,1921
CONCEALED CARRY LICENSE VIOLATION,59,6
CRIM SEXUAL ASSAULT,59,69
CRIMINAL DAMAGE,59,4575
CRIMINAL SEXUAL ASSAULT,59,16
CRIMINAL TRESPASS,59,486
DECEPTIVE PRACTICE,59,1092
GAMBLING,59,11
HOMICIDE,59,32
HUMAN TRAFFICKING,59,1
INTERFERENCE WITH PUBLIC OFFICER,59,45
INTIMIDATION,59,25
KIDNAPPING,59,20
LIQUOR LAW VIOLATION,59,82
MOTOR VEHICLE THEFT,59,1710
NARCOTICS,59,1737
NON-CRIMINAL,59,1
OBSCENITY,59,3
OFFENSE INVOLVING CHILDREN,59,227
OTHER OFFENSE,59,1602
PROSTITUTION,59,32
PUBLIC PEACE VIOLATION,59,164
ROBBERY,59,706
SEX OFFENSE,59,136
STALKING,59,17
THEFT,59,7084
WEAPONS VIOLATION,59,309
ARSON,6,107
ASSAULT,6,4888
BATTERY,6,16899
BURGLARY,6,10043
CONCEALED CARRY LICENSE VIOLATION,6,9
CRIM SEXUAL ASSAULT,6,568
CRIMINAL DAMAGE,6,13871
CRIMINAL SEXUAL ASSAULT,6,130
CRIMINAL TRESPASS,6,3982
DECEPTIVE PRACTICE,6,11822
GAMBLING,6,18
HOMICIDE,6,36
HUMAN TRAFFICKING,6,1
INTERFERENCE WITH PUBLIC OFFICER,6,167
INTIMIDATION,6,71
KIDNAPPING,6,38
LIQUOR LAW VIOLATION,6,463
MOTOR VEHICLE THEFT,6,5153
NARCOTICS,6,3938
NON-CRIMINAL,6,13
OBSCENITY,6,15
OFFENSE INVOLVING CHILDREN,6,281
OTHER NARCOTIC VIOLATION,6,16
OTHER OFFENSE,6,6093
PROSTITUTION,6,628
PUBLIC INDECENCY,6,8
PUBLIC PEACE VIOLATION,6,926
ROBBERY,6,5145
SEX OFFENSE,6,601
STALKING,6,85
THEFT,6,51243
WEAPONS VIOLATION,6,321
ARSON,60,116
ASSAULT,60,3079
BATTERY,60,7059
BURGLARY,60,3482
CONCEALED CARRY LICENSE VIOLATION,60,2
CRIM SEXUAL ASSAULT,60,143
CRIMINAL DAMAGE,60,7733
CRIMINAL SEXUAL ASSAULT,60,27
CRIMINAL TRESPASS,60,1075
DECEPTIVE PRACTICE,60,1998
GAMBLING,60,20
HOMICIDE,60,41
HUMAN TRAFFICKING,60,1
INTERFERENCE WITH PUBLIC OFFICER,60,73
INTIMIDATION,60,50
KIDNAPPING,60,48
LIQUOR LAW VIOLATION,60,112
MOTOR VEHICLE THEFT,60,2201
NARCOTICS,60,1833
NON - CRIMINAL,60,2
NON-CRIMINAL,60,2
NON-CRIMINAL (SUBJECT SPECIFIED),60,1
OBSCENITY,60,9
OFFENSE INVOLVING CHILDREN,60,295
OTHER OFFENSE,60,3102
PROSTITUTION,60,214
PUBLIC INDECENCY,60,1
PUBLIC PEACE VIOLATION,60,310
ROBBERY,60,939
SEX OFFENSE,60,205
STALKING,60,27
THEFT,60,9268
WEAPONS VIOLATION,60,357
ARSON,61,364
ASSAULT,61,10380
BATTERY,61,30063
BURGLARY,61,7387
CONCEALED CARRY LICENSE VIOLATION,61,6
CRIM SEXUAL ASSAULT,61,562
CRIMINAL DAMAGE,61,15506
CRIMINAL SEXUAL ASSAULT,61,74
CRIMINAL TRESPASS,61,2794
DECEPTIVE PRACTICE,61,3527
GAMBLING,61,385
HOMICIDE,61,336
INTERFERENCE WITH PUBLIC OFFICER,61,510
INTIMIDATION,61,92
KIDNAPPING,61,107
LIQUOR LAW VIOLATION,61,313
MOTOR VEHICLE THEFT,61,6047
NARCOTICS,61,17250
NON-CRIMINAL,61,3
NON-CRIMINAL (SUBJECT SPECIFIED),61,1
OBSCENITY,61,14
OFFENSE INVOLVING CHILDREN,61,1245
OTHER NARCOTIC VIOLATION,61,1
OTHER OFFENSE,61,7785
PROSTITUTION,61,2205
PUBLIC INDECENCY,61,5
PUBLIC PEACE VIOLATION,61,1464
ROBBERY,61,4838
SEX OFFENSE,61,629
STALKING,61,54
THEFT,61,22592
WEAPONS VIOLATION,61,2949
ARSON,62,65
ASSAULT,62,1380
BATTERY,62,3455
BURGLARY,62,2472
CRIM SEXUAL ASSAULT,62,80
CRIMINAL DAMAGE,62,4792
CRIMINAL SEXUAL ASSAULT,62,11
CRIMINAL TRESPASS,62,525
DECEPTIVE PRACTICE,62,1275
GAMBLING,62,8
HOMICIDE,62,28
INTERFERENCE WITH PUBLIC OFFICER,62,34
INTIMIDATION,62,8
KIDNAPPING,62,36
LIQUOR LAW VIOLATION,62,47
MOTOR VEHICLE THEFT,62,1585
NARCOTICS,62,1242
OBSCENITY,62,8
OFFENSE INVOLVING CHILDREN,62,208
OTHER OFFENSE,62,1629
PROSTITUTION,62,7
PUBLIC INDECENCY,62,1
PUBLIC PEACE VIOLATION,62,256
ROBBERY,62,955
SEX OFFENSE,62,144
STALKING,62,22
THEFT,62,5866
WEAPONS VIOLATION,62,253
ARSON,63,230
ASSAULT,63,3912
BATTERY,63,10967
BURGLARY,63,4473
CONCEALED CARRY LICENSE VIOLATION,63,7
CRIM SEXUAL ASSAULT,63,267
CRIMINAL DAMAGE,63,9148
CRIMINAL SEXUAL ASSAULT,63,49
CRIMINAL TRESPASS,63,1066
DECEPTIVE PRACTICE,63,1854
GAMBLING,63,38
HOMICIDE,63,147
INTERFERENCE WITH PUBLIC OFFICER,63,134
INTIMIDATION,63,45
KIDNAPPING,63,63
LIQUOR LAW VIOLATION,63,156
MOTOR VEHICLE THEFT,63,4243
NARCOTICS,63,5515
NON - CRIMINAL,63,1
OBSCENITY,63,12
OFFENSE INVOLVING CHILDREN,63,691
OTHER OFFENSE,63,3903
PROSTITUTION,63,172
PUBLIC INDECENCY,63,1
PUBLIC PEACE VIOLATION,63,944
ROBBERY,63,2517
SEX OFFENSE,63,372
STALKING,63,33
THEFT,63,10681
WEAPONS VIOLATION,63,1131
ARSON,64,55
ASSAULT,64,1741
BATTERY,64,4357
BURGLARY,64,2155
CONCEALED CARRY LICENSE VIOLATION,64,1
CRIM SEXUAL ASSAULT,64,73
CRIMINAL DAMAGE,64,5208
CRIMINAL SEXUAL ASSAULT,64,15
CRIMINAL TRESPASS,64,457
DECEPTIVE PRACTICE,64,1677
GAMBLING,64,17
HOMICIDE,64,19
INTERFERENCE WITH PUBLIC OFFICER,64,31
INTIMIDATION,64,20
KIDNAPPING,64,28
LIQUOR LAW VIOLATION,64,53
MOTOR VEHICLE THEFT,64,1216
NARCOTICS,64,1047
NON - CRIMINAL,64,1
OBSCENITY,64,7
OFFENSE INVOLVING CHILDREN,64,331
OTHER OFFENSE,64,2517
PROSTITUTION,64,11
PUBLIC INDECENCY,64,2
PUBLIC PEACE VIOLATION,64,193
ROBBERY,64,412
SEX OFFENSE,64,128
STALKING,64,24
THEFT,64,5210
WEAPONS VIOLATION,64,170
ARSON,65,114
ASSAULT,65,2488
BATTERY,65,6593
BURGLARY,65,3755
CONCEALED CARRY LICENSE VIOLATION,65,2
CRIM SEXUAL ASSAULT,65,160
CRIMINAL DAMAGE,65,7824
CRIMINAL SEXUAL ASSAULT,65,31
CRIMINAL TRESPASS,65,746
DECEPTIVE PRACTICE,65,2269
GAMBLING,65,27
HOMICIDE,65,32
INTERFERENCE WITH PUBLIC OFFICER,65,42
INTIMIDATION,65,30
KIDNAPPING,65,61
LIQUOR LAW VIOLATION,65,79
MOTOR VEHICLE THEFT,65,2844
NARCOTICS,65,1805
NON-CRIMINAL,65,1
NON-CRIMINAL (SUBJECT SPECIFIED),65,1
OBSCENITY,65,8
OFFENSE INVOLVING CHILDREN,65,504
OTHER NARCOTIC VIOLATION,65,1
OTHER OFFENSE,65,3060
PROSTITUTION,65,20
PUBLIC INDECENCY,65,3
PUBLIC PEACE VIOLATION,65,321
ROBBERY,65,1654
SEX OFFENSE,65,246
STALKING,65,28
THEFT,65,15496
WEAPONS VIOLATION,65,357
ARSON,66,359
ASSAULT,66,11998
BATTERY,66,33760
BURGLARY,66,12211
CONCEALED CARRY LICENSE VIOLATION,66,7
CRIM SEXUAL ASSAULT,66,686
CRIMINAL DAMAGE,66,20850
CRIMINAL SEXUAL ASSAULT,66,96
CRIMINAL TRESPASS,66,3581
DECEPTIVE PRACTICE,66,5179
GAMBLING,66,479
HOMICIDE,66,326
INTERFERENCE WITH PUBLIC OFFICER,66,488
INTIMIDATION,66,73
KIDNAPPING,66,167
LIQUOR LAW VIOLATION,66,236
MOTOR VEHICLE THEFT,66,8914
NARCOTICS,66,17914
NON - CRIMINAL,66,5
NON-CRIMINAL,66,7
OBSCENITY,66,21
OFFENSE INVOLVING CHILDREN,66,1516
OTHER OFFENSE,66,10876
PROSTITUTION,66,561
PUBLIC PEACE VIOLATION,66,1618
ROBBERY,66,8085
SEX OFFENSE,66,649
STALKING,66,57
THEFT,66,24973
WEAPONS VIOLATION,66,2729
ARSON,67,455
ASSAULT,67,15454
BATTERY,67,47176
BURGLARY,67,12032
CONCEALED CARRY LICENSE VIOLATION,67,45
CRIM SEXUAL ASSAULT,67,887
CRIMINAL DAMAGE,67,22911
CRIMINAL SEXUAL ASSAULT,67,109
CRIMINAL TRESPASS,67,3976
DECEPTIVE PRACTICE,67,4364
GAMBLING,67,810
HOMICIDE,67,457
HUMAN TRAFFICKING,67,5
INTERFERENCE WITH PUBLIC OFFICER,67,838
INTIMIDATION,67,80
KIDNAPPING,67,171
LIQUOR LAW VIOLATION,67,179
MOTOR VEHICLE THEFT,67,7525
NARCOTICS,67,25221
NON-CRIMINAL,67,2
OBSCENITY,67,10
OFFENSE INVOLVING CHILDREN,67,1457
OTHER OFFENSE,67,11299
PROSTITUTION,67,2167
PUBLIC INDECENCY,67,2
PUBLIC PEACE VIOLATION,67,1313
RITUALISM,67,1
ROBBERY,67,7861
SEX OFFENSE,67,592
STALKING,67,82
THEFT,67,26904
WEAPONS VIOLATION,67,4797
ARSON,68,396
ASSAULT,68,14774
BATTERY,68,45087
BURGLARY,68,10572
CONCEALED CARRY LICENSE VIOLATION,68,39
CRIM SEXUAL ASSAULT,68,843
CRIMINAL DAMAGE,68,19805
CRIMINAL SEXUAL ASSAULT,68,97
CRIMINAL TRESPASS,68,4017
DECEPTIVE PRACTICE,68,3997
GAMBLING,68,620
HOMICIDE,68,479
HUMAN TRAFFICKING,68,1
INTERFERENCE WITH PUBLIC OFFICER,68,622
INTIMIDATION,68,95
KIDNAPPING,68,146
LIQUOR LAW VIOLATION,68,146
MOTOR VEHICLE THEFT,68,7215
NARCOTICS,68,20538
OBSCENITY,68,12
OFFENSE INVOLVING CHILDREN,68,1321
OTHER OFFENSE,68,10292
PROSTITUTION,68,2033
PUBLIC INDECENCY,68,3
PUBLIC PEACE VIOLATION,68,1293
RITUALISM,68,1
ROBBERY,68,7993
SEX OFFENSE,68,613
STALKING,68,87
THEFT,68,23785
WEAPONS VIOLATION,68,4099
ARSON,69,268
ASSAULT,69,13482
BATTERY,69,38560
BURGLARY,69,9713
CONCEALED CARRY LICENSE VIOLATION,69,17
CRIM SEXUAL ASSAULT,69,775
CRIMINAL DAMAGE,69,19023
CRIMINAL SEXUAL ASSAULT,69,105
CRIMINAL TRESPASS,69,5739
DECEPTIVE PRACTICE,69,5486
GAMBLING,69,347
HOMICIDE,69,417
HUMAN TRAFFICKING,69,4
INTERFERENCE WITH PUBLIC OFFICER,69,566
INTIMIDATION,69,83
KIDNAPPING,69,165
LIQUOR LAW VIOLATION,69,166
MOTOR VEHICLE THEFT,69,8843
NARCOTICS,69,15642
NON-CRIMINAL,69,2
OBSCENITY,69,9
OFFENSE INVOLVING CHILDREN,69,1495
OTHER NARCOTIC VIOLATION,69,1
OTHER OFFENSE,69,11232
PROSTITUTION,69,481
PUBLIC INDECENCY,69,4
PUBLIC PEACE VIOLATION,69,1110
RITUALISM,69,1
ROBBERY,69,8700
SEX OFFENSE,69,549
STALKING,69,105
THEFT,69,24274
WEAPONS VIOLATION,69,3264
ARSON,7,66
ASSAULT,7,3048
BATTERY,7,9616
BURGLARY,7,7815
CONCEALED CARRY LICENSE VIOLATION,7,5
CRIM SEXUAL ASSAULT,7,309
CRIMINAL DAMAGE,7,12295
CRIMINAL SEXUAL ASSAULT,7,59
CRIMINAL TRESPASS,7,3181
DECEPTIVE PRACTICE,7,7904
GAMBLING,7,18
HOMICIDE,7,19
HUMAN TRAFFICKING,7,1
INTERFERENCE WITH PUBLIC OFFICER,7,60
INTIMIDATION,7,30
KIDNAPPING,7,53
LIQUOR LAW VIOLATION,7,398
MOTOR VEHICLE THEFT,7,4353
NARCOTICS,7,1657
NON-CRIMINAL,7,1
OBSCENITY,7,8
OFFENSE INVOLVING CHILDREN,7,216
OTHER NARCOTIC VIOLATION,7,3
OTHER OFFENSE,7,3636
PROSTITUTION,7,344
PUBLIC INDECENCY,7,8
PUBLIC PEACE VIOLATION,7,373
ROBBERY,7,3099
SEX OFFENSE,7,439
STALKING,7,49
THEFT,7,47703
WEAPONS VIOLATION,7,213
ARSON,70,110
ASSAULT,70,4404
BATTERY,70,10129
BURGLARY,70,5193
CRIM SEXUAL ASSAULT,70,221
CRIMINAL DAMAGE,70,9736
CRIMINAL SEXUAL ASSAULT,70,35
CRIMINAL TRESPASS,70,1191
DECEPTIVE PRACTICE,70,3292
GAMBLING,70,64
HOMICIDE,70,85
INTERFERENCE WITH PUBLIC OFFICER,70,70
INTIMIDATION,70,39
KIDNAPPING,70,85
LIQUOR LAW VIOLATION,70,63
MOTOR VEHICLE THEFT,70,3516
NARCOTICS,70,2413
NON - CRIMINAL,70,3
OBSCENITY,70,17
OFFENSE INVOLVING CHILDREN,70,596
OTHER NARCOTIC VIOLATION,70,1
OTHER OFFENSE,70,4922
PROSTITUTION,70,41
PUBLIC PEACE VIOLATION,70,489
ROBBERY,70,2678
SEX OFFENSE,70,253
STALKING,70,41
THEFT,70,12072
WEAPONS VIOLATION,70,656
ARSON,71,298
ASSAULT,71,14732
BATTERY,71,41583
BURGLARY,71,12742
CONCEALED CARRY LICENSE VIOLATION,71,28
CRIM SEXUAL ASSAULT,71,808
CRIMINAL DAMAGE,71,22093
CRIMINAL SEXUAL ASSAULT,71,102
CRIMINAL TRESPASS,71,5401
DECEPTIVE PRACTICE,71,6437
GAMBLING,71,500
HOMICIDE,71,388
HUMAN TRAFFICKING,71,6
INTERFERENCE WITH PUBLIC OFFICER,71,715
INTIMIDATION,71,111
KIDNAPPING,71,193
LIQUOR LAW VIOLATION,71,216
MOTOR VEHICLE THEFT,71,8885
NARCOTICS,71,19841
NON-CRIMINAL,71,2
OBSCENITY,71,11
OFFENSE INVOLVING CHILDREN,71,1907
OTHER NARCOTIC VIOLATION,71,1
OTHER OFFENSE,71,13248
PROSTITUTION,71,1001
PUBLIC INDECENCY,71,3
PUBLIC PEACE VIOLATION,71,1184
RITUALISM,71,1
ROBBERY,71,8834
SEX OFFENSE,71,571
STALKING,71,127
THEFT,71,29341
WEAPONS VIOLATION,71,3810
ARSON,72,28
ASSAULT,72,1346
BATTERY,72,2783
BURGLARY,72,2155
CONCEALED CARRY LICENSE VIOLATION,72,1
CRIM SEXUAL ASSAULT,72,60
CRIMINAL DAMAGE,72,3594
CRIMINAL SEXUAL ASSAULT,72,9
CRIMINAL TRESPASS,72,698
DECEPTIVE PRACTICE,72,2167
GAMBLING,72,4
HOMICIDE,72,13
INTERFERENCE WITH PUBLIC OFFICER,72,27
INTIMIDATION,72,16
KIDNAPPING,72,74
LIQUOR LAW VIOLATION,72,69
MOTOR VEHICLE THEFT,72,1171
NARCOTICS,72,591
OBSCENITY,72,3
OFFENSE INVOLVING CHILDREN,72,284
OTHER OFFENSE,72,2151
PROSTITUTION,72,2
PUBLIC INDECENCY,72,1
PUBLIC PEACE VIOLATION,72,125
ROBBERY,72,759
SEX OFFENSE,72,100
STALKING,72,22
THEFT,72,6536
WEAPONS VIOLATION,72,127
ARSON,73,122
ASSAULT,73,5906
BATTERY,73,15342
BURGLARY,73,4898
CONCEALED CARRY LICENSE VIOLATION,73,8
CRIM SEXUAL ASSAULT,73,335
CRIMINAL DAMAGE,73,10173
CRIMINAL SEXUAL ASSAULT,73,55
CRIMINAL TRESPASS,73,2030
DECEPTIVE PRACTICE,73,3523
GAMBLING,73,157
HOMICIDE,73,175
HUMAN TRAFFICKING,73,1
INTERFERENCE WITH PUBLIC OFFICER,73,210
INTIMIDATION,73,35
KIDNAPPING,73,117
LIQUOR LAW VIOLATION,73,42
MOTOR VEHICLE THEFT,73,4320
NARCOTICS,73,7034
NON-CRIMINAL,73,1
OBSCENITY,73,7
OFFENSE INVOLVING CHILDREN,73,804
OTHER OFFENSE,73,6287
PROSTITUTION,73,114
PUBLIC INDECENCY,73,1
PUBLIC PEACE VIOLATION,73,517
ROBBERY,73,3323
SEX OFFENSE,73,289
STALKING,73,48
THEFT,73,14392
WEAPONS VIOLATION,73,1363
ARSON,74,16
ASSAULT,74,1075
BATTERY,74,2265
BURGLARY,74,686
CONCEALED CARRY LICENSE VIOLATION,74,2
CRIM SEXUAL ASSAULT,74,51
CRIMINAL DAMAGE,74,2438
CRIMINAL SEXUAL ASSAULT,74,4
CRIMINAL TRESPASS,74,440
DECEPTIVE PRACTICE,74,1310
GAMBLING,74,3
HOMICIDE,74,3
INTERFERENCE WITH PUBLIC OFFICER,74,15
INTIMIDATION,74,19
KIDNAPPING,74,87
LIQUOR LAW VIOLATION,74,80
MOTOR VEHICLE THEFT,74,354
NARCOTICS,74,512
OBSCENITY,74,5
OFFENSE INVOLVING CHILDREN,74,272
OTHER NARCOTIC VIOLATION,74,1
OTHER OFFENSE,74,1585
PROSTITUTION,74,3
PUBLIC PEACE VIOLATION,74,92
ROBBERY,74,209
SEX OFFENSE,74,90
STALKING,74,22
THEFT,74,3737
WEAPONS VIOLATION,74,60
ARSON,75,72
ASSAULT,75,3921
BATTERY,75,9951
BURGLARY,75,3420
CONCEALED CARRY LICENSE VIOLATION,75,6
CRIM SEXUAL ASSAULT,75,185
CRIMINAL DAMAGE,75,6874
CRIMINAL SEXUAL ASSAULT,75,19
CRIMINAL TRESPASS,75,1374
DECEPTIVE PRACTICE,75,2937
GAMBLING,75,64
HOMICIDE,75,83
INTERFERENCE WITH PUBLIC OFFICER,75,133
INTIMIDATION,75,45
KIDNAPPING,75,104
LIQUOR LAW VIOLATION,75,60
MOTOR VEHICLE THEFT,75,2351
NARCOTICS,75,4029
NON-CRIMINAL,75,2
OBSCENITY,75,9
OFFENSE INVOLVING CHILDREN,75,670
OTHER OFFENSE,75,4374
PROSTITUTION,75,14
PUBLIC INDECENCY,75,2
PUBLIC PEACE VIOLATION,75,392
ROBBERY,75,1634
SEX OFFENSE,75,162
STALKING,75,35
THEFT,75,11278
WEAPONS VIOLATION,75,706
ARSON,76,13
ASSAULT,76,1550
BATTERY,76,3954
BURGLARY,76,461
CONCEALED CARRY LICENSE VIOLATION,76,169
CRIM SEXUAL ASSAULT,76,52
CRIMINAL DAMAGE,76,3219
CRIMINAL SEXUAL ASSAULT,76,15
CRIMINAL TRESPASS,76,3401
DECEPTIVE PRACTICE,76,3748
GAMBLING,76,1
HOMICIDE,76,5
INTERFERENCE WITH PUBLIC OFFICER,76,43
INTIMIDATION,76,14
KIDNAPPING,76,10
LIQUOR LAW VIOLATION,76,21
MOTOR VEHICLE THEFT,76,1607
NARCOTICS,76,2463
NON - CRIMINAL,76,1
NON-CRIMINAL,76,20
OBSCENITY,76,2
OFFENSE INVOLVING CHILDREN,76,94
OTHER NARCOTIC VIOLATION,76,1
OTHER OFFENSE,76,6591
PROSTITUTION,76,30
PUBLIC PEACE VIOLATION,76,409
ROBBERY,76,170
SEX OFFENSE,76,137
STALKING,76,24
THEFT,76,12820
WEAPONS VIOLATION,76,260
ARSON,77,66
ASSAULT,77,3897
BATTERY,77,11219
BURGLARY,77,3841
CONCEALED CARRY LICENSE VIOLATION,77,1
CRIM SEXUAL ASSAULT,77,269
CRIMINAL DAMAGE,77,7500
CRIMINAL SEXUAL ASSAULT,77,64
CRIMINAL TRESPASS,77,2141
DECEPTIVE PRACTICE,77,4607
GAMBLING,77,52
HOMICIDE,77,49
INTERFERENCE WITH PUBLIC OFFICER,77,75
INTIMIDATION,77,38
KIDNAPPING,77,36
LIQUOR LAW VIOLATION,77,195
MOTOR VEHICLE THEFT,77,2403
NARCOTICS,77,3129
NON-CRIMINAL,77,2
OBSCENITY,77,8
OFFENSE INVOLVING CHILDREN,77,358
OTHER NARCOTIC VIOLATION,77,1
OTHER OFFENSE,77,4881
PROSTITUTION,77,150
PUBLIC INDECENCY,77,2
PUBLIC PEACE VIOLATION,77,510
ROBBERY,77,2315
SEX OFFENSE,77,348
STALKING,77,40
THEFT,77,19674
WEAPONS VIOLATION,77,283
ARSON,8,76
ASSAULT,8,9278
BATTERY,8,31086
BURGLARY,8,5644
CONCEALED CARRY LICENSE VIOLATION,8,18
CRIM SEXUAL ASSAULT,8,773
CRIMINAL DAMAGE,8,15100
CRIMINAL SEXUAL ASSAULT,8,303
CRIMINAL TRESPASS,8,13334
DECEPTIVE PRACTICE,8,24521
GAMBLING,8,106
HOMICIDE,8,110
HUMAN TRAFFICKING,8,3
INTERFERENCE WITH PUBLIC OFFICER,8,491
INTIMIDATION,8,123
KIDNAPPING,8,73
LIQUOR LAW VIOLATION,8,637
MOTOR VEHICLE THEFT,8,5589
NARCOTICS,8,10352
NON - CRIMINAL,8,1
NON-CRIMINAL,8,12
OBSCENITY,8,18
OFFENSE INVOLVING CHILDREN,8,555
OTHER NARCOTIC VIOLATION,8,7
OTHER OFFENSE,8,8498
PROSTITUTION,8,3914
PUBLIC INDECENCY,8,18
PUBLIC PEACE VIOLATION,8,1286
RITUALISM,8,2
ROBBERY,8,6329
SEX OFFENSE,8,746
STALKING,8,145
THEFT,8,99141
WEAPONS VIOLATION,8,1259
ARSON,9,12
ASSAULT,9,375
BATTERY,9,1123
BURGLARY,9,341
CRIM SEXUAL ASSAULT,9,19
CRIMINAL DAMAGE,9,1307
CRIMINAL SEXUAL ASSAULT,9,5
CRIMINAL TRESPASS,9,182
DECEPTIVE PRACTICE,9,631
GAMBLING,9,4
HOMICIDE,9,2
INTERFERENCE WITH PUBLIC OFFICER,9,3
INTIMIDATION,9,12
KIDNAPPING,9,17
LIQUOR LAW VIOLATION,9,11
MOTOR VEHICLE THEFT,9,189
NARCOTICS,9,84
OBSCENITY,9,2
OFFENSE INVOLVING CHILDREN,9,51
OTHER OFFENSE,9,773
PROSTITUTION,9,6
PUBLIC PEACE VIOLATION,9,38
ROBBERY,9,39
SEX OFFENSE,9,58
STALKING,9,8
THEFT,9,1464
WEAPONS VIOLATION,9,9
